wballoch0,JXitHTvZcTa6
mheijne1,0kJTWgju
hjanicki2,sJ3arWcw
rneeves3,NB1Y3OAdre5
odobbs4,GR9k6xMYDP7d
fhancock5,ntvyuaQ
xscrigmour6,CniJf9BpHbSY
mdomingues7,BVBtDQrAk
jerrington8,Fwmnp9suyt
ctroni9,GgUdNgZ6
mduffella,2q7td3N
hwickershamb,74jjI5VNK3O
pbainbridgec,lkTAjEKo2
bmacarted,4yVN8feP1vY
wsesone,yqmRrL
bcoxheadf,4xOG0yA1
qvansong,StMPoq3grIZ
gtaffarelloh,sbExBHAS6
xkelbermani,NYblJZr
gbutnerj,5hlNtU
wmanicombk,vYkbMwZHaO9G
tdecullipl,ghOCO3DoZg6
aporchm,DL6P4UTrNCSH
kbartelln,7WbSGznxqW
pleiboldo,1tqb7h
emalkinp,paaGbfK
llevisonq,Qj6Dw2
kdiboldir,POzCrz
edeblasis,GpPFuW1
otatet,YQHfRwYMJ
cclassenu,tlMbGAve
cmcneillv,ITjKIA
fguilew,bmng5qh9
agillbex,IHLbDYPQAV
bladburyy,sytA3ak0m
fjanaudz,nZiN64jhrl
eragot10,SCn1hLQ4xM
amatchett11,djiRLC1lH
fgilbane12,KJupbqyPww
sscirman13,wjKRZNhz09kL
bsedman14,uorpzWodtBj
cyude15,tkMPV3IFS83d
zcavanagh16,Z0b3HAHG9T
awise17,VC1U2R1wD
rbulward18,jpZJQkXJW
hfigg19,7lFrJ35s
qgroneway1a,8L74oZH0129q
dtowers1b,NMCfXc9r
ksweatman1c,wMxGOBbscKI
jodom1d,MSOyZOPn
jponder1e,LFv6Cvn
stwopenny1f,sCrvTPBlV
ilittrik1g,eNndRrMPR
bsaville1h,1m113d7Ugq
cnajafian1i,CtTkF8f
hlemaitre1j,UFmsmFuAG
aelgood1k,mPyPYB
sironmonger1l,IDF1daJ
rdemullett1m,3lxjDh
mwimsett1n,crExTcg
hklampt1o,x4CrROs
wumbers1p,E6Bv4HDsx
wfort1q,ucpywqtn
colyhane1r,mdvfj4a0dP
mmacgebenay1s,HCFds2wyTGWU
wkaszper1t,m90hU1
mcricket1u,d55InLT1lTm
jcaffery1v,r1e0ALZe
espottiswood1w,cYjTBxmH9j8
ssimonutti1x,aqSclK
elangshaw1y,OnbMt0
pjelly1z,5ujljHnDx5
aorht20,1xh49x1HW3l
vbarge21,yUaI80FRx
abehn22,t7oe2QYAB
cclay23,rjKrtuDrWB
hivanikhin24,Hsmjg6
ahusthwaite25,L7XmFR
cpurchase26,WOyvIgH
sburhill27,Q51HD2
chapps28,bgCIhVe6G7h4
eundrill29,yxR26RZw
gbowell2a,k2IILs
clindermann2b,SmgFL4Vm4H
aschimke2c,cBeUf96Axfti
wsketcher2d,EFwDyy4oTSjq
rstandley2e,JURVd50NbYc
rbollom2f,F6fiRNwDrm6
ccasbourne2g,XGimoak3NyMq
abarrabeale2h,9W5ONEMQ
smoxham2i,bNZLrwrp
ndefraine2j,ZXauNXg7pJRo
smceachern2k,bwJdI9kBfDov
mhammerberg2l,FzO4k0Gdw
gcockran2m,kEIomtBjZTGZ
nbourges2n,sUpz5Rw6j
gmacieja2o,wPi503Frtck
dpascall2p,Qeq8aBZ
cruslin2q,TrKCh7u
abeevis2r,o5HZ74Vg9v
